,Unnamed: 0,Equation Number,eqn,soln,metrics
0,0,0,"(1 / 2) = x
","(1 / 2) = x
|x = (1 / 2)|x = [1/2]",4
1,1,2,"((-1) + 2x) = (3x + (-4))
","((-1) + 2x) = (3x + (-4))
|(2x + (-1)) = (3x + (-4))|((2x + (-1)) - (-1)) = ((3x + (-4)) - (-1))|2x = ((3x + (-4)) - (-1))|2x = (3x + ((-4) - (-1)))|-1x = (((-4) - (-1)) + 0)|-1x = (-3)|x = 3",15
2,2,3,"(-1x + (-2)) = (-3x + (-4))
","(-1x + (-2)) = (-3x + (-4))
|((-1x + (-2)) - (-2)) = ((-3x + (-4)) - (-2))|-1x = ((-3x + (-4)) - (-2))|-1x = (-3x + ((-4) - (-2)))|2x = (((-4) - (-2)) + 0)|2x = (-2)|x = (-1)",14
3,3,4,"(-1x + 2) = (-3x + 4)
","(-1x + 2) = (-3x + 4)
|((-1x + 2) - 2) = ((-3x + 4) - 2)|-1x = ((-3x + 4) - 2)|-1x = (-3x + (4 - 2))|2x = ((4 - 2) + 0)|2x = 2|x = 1",14
4,4,5,"(1x - 2) = -3x
","(1x - 2) = -3x
|-3x = (1x - 2)|-3x = (1x + (-2))|-4x = ((-2) + 0)|-4x = (-2)|x = [1/2]",9
5,5,6,"1x = (((-2) + 3x) + 4)
","1x = (((-2) + 3x) + 4)
|1x = ((3x + (-2)) + 4)|1x = (3x + ((-2) + 4))|-2x = (((-2) + 4) + 0)|-2x = 2|x = (-1)",9
6,6,9,"(-1x / x) = -2x
","(-1x / x) = -2x
|-2x = (-1x / x)|-2x = ((-1) * (x / x))|-2x = ((-1) * 1)|-2x = (-1)|x = [1/2]",11
7,7,10,"(-1x + (-2)) = ((-3) + -4x)
","(-1x + (-2)) = ((-3) + -4x)
|((-1x + (-2)) - (-2)) = (((-3) + -4x) - (-2))|-1x = (((-3) + -4x) - (-2))|-1x = ((-4x + (-3)) - (-2))|-1x = (-4x + ((-3) - (-2)))|3x = (((-3) - (-2)) + 0)|3x = (-1)|x = ([-1/3])",16
8,8,11,"((-1x - 2) + 3x) = (4x + 5x)
","((-1x - 2) + 3x) = (4x + 5x)
|(4x + 5x) = ((-1x - 2) + 3x)|(4x + 5x) = (3x + (-1x - 2))|(4x + 5x) = ((3x + -1x) - 2)|((4 + 5) * x) = ((3x + -1x) - 2)|9x = ((3x + -1x) - 2)|9x = ((3x + -1x) + (-2))|9x = (((3 + (-1)) * x) + (-2))|9x = (2x + (-2))|7x = ((-2) + 0)|7x = (-2)|x = ([-2/7])",25
9,9,12,"(1x + (-2)) = ((-3) + 4x)
","(1x + (-2)) = ((-3) + 4x)
|((1x + (-2)) - (-2)) = (((-3) + 4x) - (-2))|1x = (((-3) + 4x) - (-2))|1x = ((4x + (-3)) - (-2))|1x = (4x + ((-3) - (-2)))|-3x = (((-3) - (-2)) + 0)|-3x = (-1)|x = [1/3]",16
10,10,13,"((x - 1) - 2x) = 3x
","((x - 1) - 2x) = 3x
|3x = ((x - 1) - 2x)|3x = ((x - 2x) - 1)|3x = ((x + -2x) - 1)|3x = ((x + -2x) + (-1))|3x = ((-2x + x) + (-1))|3x = (-2x + (x + (-1)))|5x = ((x + (-1)) + 0)|(5x * (-1)) = (((x + (-1)) + 0) * (-1))|((-1) * 5x) = (((x + (-1)) + 0) * (-1))|(((-1) * 5) * x) = (((x + (-1)) + 0) * (-1))|(((-1) * 5) * x) = ((x + ((-1) + 0)) * (-1))|(((-1) * 5) * x) = ((x * (-1)) + (((-1) + 0) * (-1)))|(((-1) * 5) * x) = (-1x + (((-1) + 0) * (-1)))|-5x = (-1x + (((-1) + 0) * (-1)))|-5x = (-1x + 1)|-4x = (1 + 0)|-4x = 1|x = ([-1/4])",32
11,11,14,"(1x - 2x) = (((3 - 4x) - 5) - 6x)
","(1x - 2x) = (((3 - 4x) - 5) - 6x)
|(1x - 2x) = (((3 - 5) - 4x) - 6x)|((1 - 2) * x) = (((3 - 5) - 4x) - 6x)|((1 - 2) * x) = (((3 - 5) + -4x) - 6x)|-1x = (((3 - 5) + -4x) - 6x)|-1x = (((3 - 5) + -4x) + -6x)|-1x = (-6x + ((3 - 5) + -4x))|-1x = (-6x + (-4x + (3 - 5)))|5x = ((-4x + (3 - 5)) + 0)|5x = (-4x + (3 - 5))|9x = ((3 - 5) + 0)|9x = (-2)|x = ([-2/9])",27
12,12,17,"(1x + (-2)) = (-3x + 4)
","(1x + (-2)) = (-3x + 4)
|((1x + (-2)) - (-2)) = ((-3x + 4) - (-2))|1x = ((-3x + 4) - (-2))|1x = (-3x + (4 - (-2)))|4x = ((4 - (-2)) + 0)|4x = 6|x = [3/2]",15
13,13,18,"((-1x + 2) - 3) = -4x
","((-1x + 2) - 3) = -4x
|-4x = ((-1x + 2) - 3)|-4x = (-1x + (2 - 3))|-3x = ((2 - 3) + 0)|-3x = (-1)|x = [1/3]",13
14,14,19,"(-1) = (2 + 3x)
","(-1) = (2 + 3x)
|(-1) = (3x + 2)|(3x + 2) = (-1)|3x = (-3)|x = (-1)",7
15,15,20,"(1x + (-2)) = (3 + -4x)
","(1x + (-2)) = (3 + -4x)
|(1x + (-2)) = (-4x + 3)|((1x + (-2)) - (-2)) = ((-4x + 3) - (-2))|1x = ((-4x + 3) - (-2))|1x = (-4x + (3 - (-2)))|5x = ((3 - (-2)) + 0)|5x = 5|x = 1",15
16,16,21,"((-1) / 2) = x
","((-1) / 2) = x
|x = ((-1) / 2)|x = ([-1/2])",4
17,17,23,"(1x - 2) = ((-3) - 4x)
","(1x - 2) = ((-3) - 4x)
|(1x - 2) = ((-3) + -4x)|((1x - 2) + 2) = (((-3) + -4x) + 2)|((1x + (-2)) + 2) = (((-3) + -4x) + 2)|1x = (((-3) + -4x) + 2)|1x = ((-4x + (-3)) + 2)|1x = (-4x + ((-3) + 2))|5x = (((-3) + 2) + 0)|5x = (-1)|x = ([-1/5])",18
18,18,24,"-1x = (2x + 3)
","-1x = (2x + 3)
|-3x = (3 + 0)|-3x = 3|x = (-1)",5
19,19,25,"(1 + -2x) = (-3x + (-4))
","(1 + -2x) = (-3x + (-4))
|(-2x + 1) = (-3x + (-4))|((-2x + 1) - 1) = ((-3x + (-4)) - 1)|-2x = ((-3x + (-4)) - 1)|-2x = (-3x + ((-4) - 1))|1x = (((-4) - 1) + 0)|1x = (-5)|x = (-5)",15
20,20,26,"(1 + -2x) = ((-3) + -4x)
","(1 + -2x) = ((-3) + -4x)
|(-2x + 1) = ((-3) + -4x)|((-2x + 1) - 1) = (((-3) + -4x) - 1)|-2x = (((-3) + -4x) - 1)|-2x = ((-4x + (-3)) - 1)|-2x = (-4x + ((-3) - 1))|2x = (((-3) - 1) + 0)|2x = (-4)|x = (-2)",16
21,21,27,"((-1) + (2 / x)) = 3
","((-1) + (2 / x)) = 3
|(2 / x) = 4|((2 / x) * 2) = (4 * 2)|(2 * (2 / x)) = (4 * 2)|(2 * (2 / x)) = 8|((2 * 2) / x) = 8|(4 / x) = 8|((4 / x) * 8) = (8 * 8)|(8 * (4 / x)) = (8 * 8)|((8 * 4) / x) = (8 * 8)|((4 * 8) / x) = (8 * 8)|(8 * 8) = ((4 * 8) / x)|(8 * 8) = (4 * (8 / x))|((8 * 8) * x) = ((4 * (8 / x)) * x)|((8 * 8) * x) = (x * (4 * (8 / x)))|((8 * 8) * x) = (x * ((4 * 8) / x))|((8 * 8) * x) = (x * ((8 * 4) / x))|((8 * 8) * x) = (x * (8 * (4 / x)))|((8 * 8) * x) = ((x * 8) * (4 / x))|((8 * 8) * x) = (8x * (4 / x))|((8 * 8) * x) = ((8x * 4) / x)|((8 * 8) * x) = ((4 * 8x) / x)|((8 * 8) * x) = (4 * (8x / x))|((8 * 8) * x) = (4 * (8 * (x / x)))|((8 * 8) * x) = (4 * (8 * 1))|64x = (4 * (8 * 1))|64x = (4 * 8)|64x = 32|x = [1/2]",49
22,22,28,"(-1x + 2x) = (-3)
","(-1x + 2x) = (-3)
|(((-1) + 2) * x) = (-3)|1x = (-3)|x = (-3)",8
23,23,31,"((-1) + -2x) = (-3x + (-4))
","((-1) + -2x) = (-3x + (-4))
|(-2x + (-1)) = (-3x + (-4))|((-2x + (-1)) - (-1)) = ((-3x + (-4)) - (-1))|-2x = ((-3x + (-4)) - (-1))|-2x = (-3x + ((-4) - (-1)))|1x = (((-4) - (-1)) + 0)|1x = (-3)|x = (-3)",15
24,24,32,"((-1x + 2) - 3x) = 4
","((-1x + 2) - 3x) = 4
|((-1x + 2) + -3x) = 4|((-3x + (-1x + 2)) - 2) = 2|(-3x + ((-1x + 2) - 2)) = 2|(-3x + -1x) = 2|(((-3) + (-1)) * x) = 2|-4x = 2|x = ([-1/2])",14
25,25,33,"1 = ((-2) + -3x)
","1 = ((-2) + -3x)
|1 = (-3x + (-2))|(-3x + (-2)) = 1|-3x = 3|x = (-1)",7
26,26,34,"((-1) - 2x) = (3x - 4)
","((-1) - 2x) = (3x - 4)
|((-1) + -2x) = (3x - 4)|(-2x + (-1)) = (3x - 4)|((-2x + (-1)) - (-1)) = ((3x - 4) - (-1))|-2x = ((3x - 4) - (-1))|-2x = ((3x + (-4)) - (-1))|-2x = (3x + ((-4) - (-1)))|-5x = (((-4) - (-1)) + 0)|-5x = (-3)|x = [3/5]",18
27,27,35,"((1x - 2) + 3) = ((4x - 5) + 6)
","((1x - 2) + 3) = ((4x - 5) + 6)
|((1x + (-2)) + 3) = ((4x - 5) + 6)|(1x + ((-2) + 3)) = ((4x - 5) + 6)|(1x + 1) = ((4x - 5) + 6)|((1x + 1) - 1) = (((4x - 5) + 6) - 1)|1x = (((4x - 5) + 6) - 1)|1x = (((4x + (-5)) + 6) - 1)|1x = ((4x + ((-5) + 6)) - 1)|1x = (4x + (((-5) + 6) - 1))|1x = (4x + 0)|-3x = (0 + 0)|-3x = 0|x = 0",22
28,28,36,"1 = ((2 - 3x) - 4x)
","1 = ((2 - 3x) - 4x)
|1 = ((2 + -3x) - 4x)|1 = ((-3x + 2) - 4x)|1 = ((-3x + 2) + -4x)|1 = (-4x + (-3x + 2))|1 = ((-4x + -3x) + 2)|1 = ((((-4) + (-3)) * x) + 2)|1 = (-7x + 2)|(-7x + 2) = 1|-7x = (-1)|x = [1/7]",20
29,29,37,"((1 + 2) * x) = 3
","((1 + 2) * x) = 3
|3x = 3|x = 1",6
30,30,39,"x = (-1x + 2)
","x = (-1x + 2)
|(x * 2) = ((-1x + 2) * 2)|(x * 2) = ((-1x * 2) + (2 * 2))|2x = ((-1x * 2) + (2 * 2))|2x = ((2 * -1x) + (2 * 2))|2x = (((2 * (-1)) * x) + (2 * 2))|2x = (-2x + (2 * 2))|4x = ((2 * 2) + 0)|4x = 4|x = 1",20
31,31,40,"1 = (2x + 3)
","1 = (2x + 3)
|(2x + 3) = 1|2x = (-2)|x = (-1)",6
32,32,41,"(1 + 2x) = (3x + 4)
","(1 + 2x) = (3x + 4)
|(2x + 1) = (3x + 4)|((2x + 1) - 1) = ((3x + 4) - 1)|2x = ((3x + 4) - 1)|2x = (3x + (4 - 1))|-1x = ((4 - 1) + 0)|-1x = 3|x = (-3)",15
33,33,43,"((-1) + -2x) = (-3)
","((-1) + -2x) = (-3)
|-2x = (-2)|x = 1",4
34,34,44,"((-1) + 2x) = (-3x + (-4))
","((-1) + 2x) = (-3x + (-4))
|(2x + (-1)) = (-3x + (-4))|((2x + (-1)) - (-1)) = ((-3x + (-4)) - (-1))|2x = ((-3x + (-4)) - (-1))|2x = (-3x + ((-4) - (-1)))|5x = (((-4) - (-1)) + 0)|5x = (-3)|x = ([-3/5])",16
35,35,45,"(1x - -2x) = 3
","(1x - -2x) = 3
|((1 - (-2)) * x) = 3|3x = 3|x = 1",8
36,36,46,"((-1) + 2x) = (3x - 4)
","((-1) + 2x) = (3x - 4)
|(2x + (-1)) = (3x - 4)|((2x + (-1)) - (-1)) = ((3x - 4) - (-1))|((2x + (-1)) - (-1)) = ((3x + (-4)) - (-1))|2x = ((3x + (-4)) - (-1))|2x = (3x + ((-4) - (-1)))|-1x = (((-4) - (-1)) + 0)|-1x = (-3)|x = 3",16
37,37,48,"(-1x + 2) = (3x + (-4))
","(-1x + 2) = (3x + (-4))
|((-1x + 2) - 2) = ((3x + (-4)) - 2)|-1x = ((3x + (-4)) - 2)|-1x = (3x + ((-4) - 2))|-4x = (((-4) - 2) + 0)|-4x = (-6)|x = [3/2]",15
38,38,49,"(-1x + 2x) = ((-3) + 4)
","(-1x + 2x) = ((-3) + 4)
|(((-1) + 2) * x) = ((-3) + 4)|1x = ((-3) + 4)|1x = 1|x = 1",10
39,39,50,"1x = (2 + 3)
","1x = (2 + 3)
|1x = 5|x = 5",4
40,40,51,"((-1) - 2x) = (3 - 4x)
","((-1) - 2x) = (3 - 4x)
|((-1) - 2x) = (3 + -4x)|((-1) + -2x) = (3 + -4x)|((-1) + -2x) = (-4x + 3)|(-2x + (-1)) = (-4x + 3)|((-2x + (-1)) - (-1)) = ((-4x + 3) - (-1))|-2x = ((-4x + 3) - (-1))|-2x = (-4x + (3 - (-1)))|2x = ((3 - (-1)) + 0)|2x = 4|x = 2",18
41,41,53,"1 = -2x
","1 = -2x
|-2x = 1|x = ([-1/2])",4
42,42,54,"((-1) + -2x) = ((-3) + -4x)
","((-1) + -2x) = ((-3) + -4x)
|(-2x + (-1)) = ((-3) + -4x)|((-2x + (-1)) - (-1)) = (((-3) + -4x) - (-1))|-2x = (((-3) + -4x) - (-1))|-2x = ((-4x + (-3)) - (-1))|-2x = (-4x + ((-3) - (-1)))|2x = (((-3) - (-1)) + 0)|2x = (-2)|x = (-1)",16
43,43,55,"-1x = (-2)
","-1x = (-2)
|x = 2",2
44,44,56,"((-1) + -2x) = (3 + -4x)
","((-1) + -2x) = (3 + -4x)
|((-1) + -2x) = (-4x + 3)|(-2x + (-1)) = (-4x + 3)|((-2x + (-1)) - (-1)) = ((-4x + 3) - (-1))|-2x = ((-4x + 3) - (-1))|-2x = (-4x + (3 - (-1)))|2x = ((3 - (-1)) + 0)|2x = 4|x = 2",16
45,45,60,"(1x + 2) = (3 - 4x)
","(1x + 2) = (3 - 4x)
|(1x + 2) = (3 + -4x)|(1x + 2) = (-4x + 3)|((1x + 2) - 2) = ((-4x + 3) - 2)|1x = ((-4x + 3) - 2)|1x = (-4x + (3 - 2))|5x = ((3 - 2) + 0)|5x = 1|x = [1/5]",17
46,46,61,"(1 + -2x) = 3
","(1 + -2x) = 3
|-2x = 2|x = (-1)",4
47,47,62,"(((-1) + 2x) + 3x) = ((-4x + (-5)) + 6x)
","(((-1) + 2x) + 3x) = ((-4x + (-5)) + 6x)
|(3x + ((-1) + 2x)) = ((-4x + (-5)) + 6x)|(3x + ((-1) + 2x)) = (((-5) + -4x) + 6x)|(3x + (2x + (-1))) = (((-5) + -4x) + 6x)|((3x + (2x + (-1))) - (-1)) = ((((-5) + -4x) + 6x) - (-1))|((3x + (2x + (-1))) - (-1)) = ((6x + ((-5) + -4x)) - (-1))|(3x + ((2x + (-1)) - (-1))) = ((6x + ((-5) + -4x)) - (-1))|(3x + 2x) = ((6x + ((-5) + -4x)) - (-1))|(2x + 3x) = ((6x + ((-5) + -4x)) - (-1))|((2 + 3) * x) = ((6x + ((-5) + -4x)) - (-1))|((2 + 3) * x) = ((6x + (-4x + (-5))) - (-1))|((2 + 3) * x) = (((6x + -4x) + (-5)) - (-1))|((2 + 3) * x) = ((((6 + (-4)) * x) + (-5)) - (-1))|5x = ((((6 + (-4)) * x) + (-5)) - (-1))|5x = ((2x + (-5)) - (-1))|5x = (2x + ((-5) - (-1)))|3x = (((-5) - (-1)) + 0)|3x = (-4)|x = ([-4/3])",36
48,48,63,"1x = (2x + 3)
","1x = (2x + 3)
|-1x = (3 + 0)|-1x = 3|x = (-3)",5
49,49,64,"((-1x - 2) + 3) = 4x
","((-1x - 2) + 3) = 4x
|4x = ((-1x - 2) + 3)|4x = ((-1x + (-2)) + 3)|4x = (-1x + ((-2) + 3))|5x = (((-2) + 3) + 0)|5x = 1|x = [1/5]",14
50,50,65,"((1 - 2) / 3) = x
","((1 - 2) / 3) = x
|x = ((1 - 2) / 3)|x = ([-1/3])",7
51,51,68,"(1x + (-2)) = (-3x + (-4))
","(1x + (-2)) = (-3x + (-4))
|((1x + (-2)) - (-2)) = ((-3x + (-4)) - (-2))|1x = ((-3x + (-4)) - (-2))|1x = (-3x + ((-4) - (-2)))|4x = (((-4) - (-2)) + 0)|4x = (-2)|x = ([-1/2])",15
52,52,69,"(-1x + (-2)) = (-3)
","(-1x + (-2)) = (-3)
|-1x = (-1)|x = 1",4
53,53,70,"(-1x - 2) = (3 + 4x)
","(-1x - 2) = (3 + 4x)
|(-1x + (-2)) = (3 + 4x)|(-1x + (-2)) = (4x + 3)|(4x + 3) = (-1x + (-2))|((4x + 3) - 3) = ((-1x + (-2)) - 3)|4x = ((-1x + (-2)) - 3)|4x = (-1x + ((-2) - 3))|5x = (((-2) - 3) + 0)|5x = (-5)|x = (-1)",17
54,54,71,"(-1x + 2) = (-3)
","(-1x + 2) = (-3)
|-1x = (-5)|x = 5",4
55,55,72,"((-1) + 2x) = 3
","((-1) + 2x) = 3
|2x = 4|x = 2",4
56,56,73,"(-1x + (-2)) = ((-3) + 4x)
","(-1x + (-2)) = ((-3) + 4x)
|((-1x + (-2)) - (-2)) = (((-3) + 4x) - (-2))|-1x = (((-3) + 4x) - (-2))|-1x = ((4x + (-3)) - (-2))|-1x = (4x + ((-3) - (-2)))|-5x = (((-3) - (-2)) + 0)|-5x = (-1)|x = [1/5]",16
57,57,74,"(-1x + 2) = ((-3) + 4x)
","(-1x + 2) = ((-3) + 4x)
|(-1x + 2) = (4x + (-3))|((-1x + 2) - 2) = ((4x + (-3)) - 2)|-1x = ((4x + (-3)) - 2)|-1x = (4x + ((-3) - 2))|-5x = (((-3) - 2) + 0)|-5x = (-5)|x = 1",15
58,58,75,"((-1) + -2x) = (-3x + 4)
","((-1) + -2x) = (-3x + 4)
|(-2x + (-1)) = (-3x + 4)|((-2x + (-1)) - (-1)) = ((-3x + 4) - (-1))|-2x = ((-3x + 4) - (-1))|-2x = (-3x + (4 - (-1)))|1x = ((4 - (-1)) + 0)|1x = 5|x = 5",15
59,59,76,"((-1) - 2x) = (-3)
","((-1) - 2x) = (-3)
|((-1) + -2x) = (-3)|-2x = (-2)|x = 1",5
60,60,78,"1x = (((2 - 3x) - 4) + 5x)
","1x = (((2 - 3x) - 4) + 5x)
|1x = (((2 + -3x) - 4) + 5x)|1x = (5x + ((2 + -3x) - 4))|1x = (5x + ((-3x + 2) - 4))|-4x = (((-3x + 2) - 4) + 0)|-4x = ((-3x + 2) - 4)|-4x = (-3x + (2 - 4))|-1x = ((2 - 4) + 0)|-1x = (-2)|x = 2",20
61,61,80,"(1x + (-2)) = ((-3) + -4x)
","(1x + (-2)) = ((-3) + -4x)
|((1x + (-2)) - (-2)) = (((-3) + -4x) - (-2))|1x = (((-3) + -4x) - (-2))|1x = ((-4x + (-3)) - (-2))|1x = (-4x + ((-3) - (-2)))|5x = (((-3) - (-2)) + 0)|5x = (-1)|x = ([-1/5])",16
62,62,81,"1x = (-2x - 3)
","1x = (-2x - 3)
|1x = (-2x + (-3))|3x = ((-3) + 0)|3x = (-3)|x = (-1)",6
63,63,82,"(-1) = x
","(-1) = x
|x = (-1)",2
64,64,83,"((1 + 2x) + 3x) = ((-4x + (-5)) + 6x)
","((1 + 2x) + 3x) = ((-4x + (-5)) + 6x)
|(3x + (1 + 2x)) = ((-4x + (-5)) + 6x)|(3x + (1 + 2x)) = (((-5) + -4x) + 6x)|(3x + (2x + 1)) = (((-5) + -4x) + 6x)|(3x + (2x + 1)) = (6x + ((-5) + -4x))|((3x + (2x + 1)) - 1) = ((6x + ((-5) + -4x)) - 1)|(3x + ((2x + 1) - 1)) = ((6x + ((-5) + -4x)) - 1)|(3x + 2x) = ((6x + ((-5) + -4x)) - 1)|(2x + 3x) = ((6x + ((-5) + -4x)) - 1)|((2 + 3) * x) = ((6x + ((-5) + -4x)) - 1)|5x = ((6x + ((-5) + -4x)) - 1)|5x = ((6x + (-4x + (-5))) - 1)|5x = (((6x + -4x) + (-5)) - 1)|5x = ((((6 + (-4)) * x) + (-5)) - 1)|5x = ((2x + (-5)) - 1)|5x = (2x + ((-5) - 1))|3x = (((-5) - 1) + 0)|3x = (-6)|x = (-2)",35
65,65,85,"x = ((1 - 2) / (-3))
","x = ((1 - 2) / (-3))
|x = [1/3]",3
66,66,86,"(1 + -2x) = ((-3) + 4x)
","(1 + -2x) = ((-3) + 4x)
|(-2x + 1) = ((-3) + 4x)|(-2x + 1) = (4x + (-3))|((-2x + 1) - 1) = ((4x + (-3)) - 1)|-2x = ((4x + (-3)) - 1)|-2x = (4x + ((-3) - 1))|-6x = (((-3) - 1) + 0)|-6x = (-4)|x = [2/3]",17
67,67,88,"(1 + -2x) = (-3)
","(1 + -2x) = (-3)
|-2x = (-4)|x = 2",4
68,68,89,"(-1x + 2) = (3 + -4x)
","(-1x + 2) = (3 + -4x)
|(-1x + 2) = (-4x + 3)|((-1x + 2) - 2) = ((-4x + 3) - 2)|-1x = ((-4x + 3) - 2)|-1x = (-4x + (3 - 2))|3x = ((3 - 2) + 0)|3x = 1|x = [1/3]",16
69,69,90,"1 = (2x + (-3))
","1 = (2x + (-3))
|(2x + (-3)) = 1|2x = 4|x = 2",6
70,70,92,"(-1x + 2) = (3x + 4)
","(-1x + 2) = (3x + 4)
|((-1x + 2) - 2) = ((3x + 4) - 2)|-1x = ((3x + 4) - 2)|-1x = (3x + (4 - 2))|-4x = ((4 - 2) + 0)|-4x = 2|x = ([-1/2])",15
71,71,93,"(1x - -2x) = (-3)
","(1x - -2x) = (-3)
|((1 - (-2)) * x) = (-3)|3x = (-3)|x = (-1)",8
72,72,94,"(-1x + 2) = 3
","(-1x + 2) = 3
|-1x = 1|x = (-1)",4
73,73,95,"(1 + -2x) = (3 + 4x)
","(1 + -2x) = (3 + 4x)
|(-2x + 1) = (3 + 4x)|(-2x + 1) = (4x + 3)|((-2x + 1) - 1) = ((4x + 3) - 1)|-2x = ((4x + 3) - 1)|-2x = (4x + (3 - 1))|-6x = ((3 - 1) + 0)|-6x = 2|x = ([-1/3])",17
74,74,96,"(-1) = ((2x + 3x) - 4)
","(-1) = ((2x + 3x) - 4)
|((2x + 3x) - 4) = (-1)|(2x + 3x) = 3|((2 + 3) * x) = 3|5x = 3|x = [3/5]",15
75,75,97,"((-1x - 2) - 3x) = (-4)
","((-1x - 2) - 3x) = (-4)
|((-1x + (-2)) - 3x) = (-4)|((-1x + (-2)) + -3x) = (-4)|((-3x + (-1x + (-2))) - (-4)) = 0|(-3x + ((-1x + (-2)) - (-4))) = 0|(-3x + (-1x + ((-2) - (-4)))) = 0|((-3x + -1x) + ((-2) - (-4))) = 0|((((-3) + (-1)) * x) + ((-2) - (-4))) = 0|(-4x + ((-2) - (-4))) = 0|(-4x + 2) = 0|-4x = (-2)|x = [1/2]",22
76,76,98,"-1x = ((-2) - 3)
","-1x = ((-2) - 3)
|-1x = (-5)|x = 5",4
77,77,100,"x = (((-1) + 2) / 3)
","x = (((-1) + 2) / 3)
|x = [1/3]",3
78,78,101,"((1 + 2x) - 3) = -4x
","((1 + 2x) - 3) = -4x
|-4x = ((1 + 2x) - 3)|-4x = ((2x + 1) - 3)|-4x = (2x + (1 - 3))|-6x = ((1 - 3) + 0)|-6x = (-2)|x = [1/3]",14
79,79,102,"-1x = ((2 / x) * x)
","-1x = ((2 / x) * x)
|-1x = (x * (2 / x))|(x * (2 / x)) = -1x|((x * (2 / x)) * (-1)) = (-1x * (-1))|(x * ((2 / x) * (-1))) = (-1x * (-1))|(x * ((2 / x) * (-1))) = ((-1) * -1x)|(x * ((2 / x) * (-1))) = (((-1) * (-1)) * x)|((x * (2 / x)) * (-1)) = (((-1) * (-1)) * x)|(((-1) * (-1)) * x) = ((x * (2 / x)) * (-1))|(((-1) * (-1)) * x) = ((-1) * (x * (2 / x)))|(((-1) * (-1)) * x) = (-1x * (2 / x))|(((-1) * (-1)) * x) = ((-1x * 2) / x)|(((-1) * (-1)) * x) = ((2 * -1x) / x)|(((-1) * (-1)) * x) = (((2 * (-1)) * x) / x)|(((-1) * (-1)) * x) = ((2 * (-1)) * (x / x))|(((-1) * (-1)) * x) = ((2 * (-1)) * 1)|1x = ((2 * (-1)) * 1)|1x = (-2)|x = (-2)",40
80,80,103,"((-1) - 2) = (3x - 4x)
","((-1) - 2) = (3x - 4x)
|((-1) - 2) = ((3 - 4) * x)|((3 - 4) * x) = ((-1) - 2)|-1x = ((-1) - 2)|-1x = (-3)|x = 3",12
81,81,105,"1x = 2
","1x = 2
|x = 2",2
82,82,106,"(1 - 2) = 3x
","(1 - 2) = 3x
|3x = (1 - 2)|3x = (-1)|x = ([-1/3])",7
83,83,107,"(1x + 2) = ((-3) + 4x)
","(1x + 2) = ((-3) + 4x)
|(1x + 2) = (4x + (-3))|((1x + 2) - 2) = ((4x + (-3)) - 2)|1x = ((4x + (-3)) - 2)|1x = (4x + ((-3) - 2))|-3x = (((-3) - 2) + 0)|-3x = (-5)|x = [5/3]",16
84,84,108,"(-1x + 2) = ((-3) + -4x)
","(-1x + 2) = ((-3) + -4x)
|((-1x + 2) - 2) = (((-3) + -4x) - 2)|((-1x + 2) - 2) = ((-4x + (-3)) - 2)|-1x = ((-4x + (-3)) - 2)|-1x = (-4x + ((-3) - 2))|3x = (((-3) - 2) + 0)|3x = (-5)|x = ([-5/3])",16
85,85,109,"((-1) + 2) = 3x
","((-1) + 2) = 3x
|3x = ((-1) + 2)|3x = 1|x = [1/3]",7
86,86,110,"((-1) + -2x) = (3 + 4x)
","((-1) + -2x) = (3 + 4x)
|(-2x + (-1)) = (3 + 4x)|(-2x + (-1)) = (4x + 3)|((-2x + (-1)) - (-1)) = ((4x + 3) - (-1))|-2x = ((4x + 3) - (-1))|-2x = (4x + (3 - (-1)))|-6x = ((3 - (-1)) + 0)|-6x = 4|x = ([-2/3])",17
87,87,111,"-1x = (2 + 3)
","-1x = (2 + 3)
|-1x = 5|x = (-5)",4
88,88,112,"((-1) + 2x) = ((-3) + 4x)
","((-1) + 2x) = ((-3) + 4x)
|(2x + (-1)) = ((-3) + 4x)|((2x + (-1)) - (-1)) = (((-3) + 4x) - (-1))|((2x + (-1)) - (-1)) = ((4x + (-3)) - (-1))|2x = ((4x + (-3)) - (-1))|2x = (4x + ((-3) - (-1)))|-2x = (((-3) - (-1)) + 0)|-2x = (-2)|x = 1",16
89,89,113,"(1 + 2x) = 3
","(1 + 2x) = 3
|2x = 2|x = 1",4
90,90,115,"((-1) + 2x) = (-3)
","((-1) + 2x) = (-3)
|2x = (-2)|x = (-1)",4
91,91,116,"(1 + 2x) = (-3x + 4)
","(1 + 2x) = (-3x + 4)
|(2x + 1) = (-3x + 4)|((2x + 1) - 1) = ((-3x + 4) - 1)|2x = ((-3x + 4) - 1)|2x = (-3x + (4 - 1))|5x = ((4 - 1) + 0)|5x = 3|x = [3/5]",16
92,92,118,"-1x = ((-2) + x)
","-1x = ((-2) + x)
|-1x = (x + (-2))|(x + (-2)) = -1x|((x + (-2)) - (-2)) = (-1x - (-2))|x = (-1x - (-2))|x = (-1x + 2)|(x * 2) = ((-1x + 2) * 2)|(x * 2) = ((-1x * 2) + (2 * 2))|2x = ((-1x * 2) + (2 * 2))|2x = ((2 * -1x) + (2 * 2))|2x = (((2 * (-1)) * x) + (2 * 2))|2x = (-2x + (2 * 2))|4x = ((2 * 2) + 0)|4x = 4|x = 1",30
93,93,119,"(-1x + 2) = 3x
","(-1x + 2) = 3x
|3x = (-1x + 2)|4x = (2 + 0)|4x = 2|x = [1/2]",8
94,94,120,"1 = (2 + 3x)
","1 = (2 + 3x)
|1 = (3x + 2)|(3x + 2) = 1|3x = (-1)|x = ([-1/3])",8
95,95,121,"(1x - 2) = ((-3) + 4x)
","(1x - 2) = ((-3) + 4x)
|((1x - 2) + 2) = (((-3) + 4x) + 2)|((1x + (-2)) + 2) = (((-3) + 4x) + 2)|1x = (((-3) + 4x) + 2)|1x = ((4x + (-3)) + 2)|1x = (4x + ((-3) + 2))|-3x = (((-3) + 2) + 0)|-3x = (-1)|x = [1/3]",17
96,96,122,"-1x = (((-2) + 3x) + 4)
","-1x = (((-2) + 3x) + 4)
|-1x = ((3x + (-2)) + 4)|-1x = (3x + ((-2) + 4))|-4x = (((-2) + 4) + 0)|-4x = 2|x = ([-1/2])",10
97,97,123,"(-1) = ((-2) + 3x)
","(-1) = ((-2) + 3x)
|(-1) = (3x + (-2))|(3x + (-2)) = (-1)|3x = 1|x = [1/3]",8
98,98,124,"(1x + 2) = (-3)
","(1x + 2) = (-3)
|x = (-5)",3
99,99,126,"(1x + 2) = (-3x + (-4))
","(1x + 2) = (-3x + (-4))
|((1x + 2) - 2) = ((-3x + (-4)) - 2)|1x = ((-3x + (-4)) - 2)|1x = (-3x + ((-4) - 2))|4x = (((-4) - 2) + 0)|4x = (-6)|x = ([-3/2])",15
100,100,128,"(-1x + 2) = (3 + 4x)
","(-1x + 2) = (3 + 4x)
|(-1x + 2) = (4x + 3)|((-1x + 2) - 2) = ((4x + 3) - 2)|-1x = ((4x + 3) - 2)|-1x = (4x + (3 - 2))|-5x = ((3 - 2) + 0)|-5x = 1|x = ([-1/5])",16
101,101,129,"1 = (2x - 3x)
","1 = (2x - 3x)
|1 = ((2 - 3) * x)|((2 - 3) * x) = 1|-1x = 1|x = (-1)",12
102,102,131,"(1 - 2x) = -3x
","(1 - 2x) = -3x
|-3x = (1 - 2x)|-3x = (1 + -2x)|-3x = (-2x + 1)|-1x = (1 + 0)|-1x = 1|x = (-1)",9
103,103,133,"x = ((1 + 2) / 3)
","x = ((1 + 2) / 3)
|x = 1",5
104,104,134,"(-1) = ((-2) + -3x)
","(-1) = ((-2) + -3x)
|((-2) + -3x) = (-1)|-3x = 1|x = ([-1/3])",7
105,105,135,"(1 + (2 / x)) = 3
","(1 + (2 / x)) = 3
|(2 / x) = 2|((2 / x) * 2) = (2 * 2)|(2 * (2 / x)) = (2 * 2)|(2 * 2) = (2 * (2 / x))|(2 * 2) = ((2 * 2) / x)|((2 * 2) * x) = (((2 * 2) / x) * x)|((2 * 2) * x) = (x * ((2 * 2) / x))|(x * ((2 * 2) / x)) = ((2 * 2) * x)|(x * (2 * (2 / x))) = ((2 * 2) * x)|((x * 2) * (2 / x)) = ((2 * 2) * x)|(2x * (2 / x)) = ((2 * 2) * x)|((2 * 2) * x) = (2x * (2 / x))|4x = (2x * (2 / x))|4x = ((x * 2) * (2 / x))|4x = (((x * 2) * 2) / x)|4x = ((x * (2 * 2)) / x)|4x = (((2 * 2) * x) / x)|4x = ((2 * 2) * (x / x))|4x = ((2 * 2) * 1)|4x = 4|x = 1",41
106,106,136,"((-1) + 2x) = (3 + 4x)
","((-1) + 2x) = (3 + 4x)
|(2x + (-1)) = (3 + 4x)|(2x + (-1)) = (4x + 3)|((2x + (-1)) - (-1)) = ((4x + 3) - (-1))|2x = ((4x + 3) - (-1))|2x = (4x + (3 - (-1)))|-2x = ((3 - (-1)) + 0)|-2x = 4|x = (-2)",16
107,107,137,"((1 + 2x) + 3) = 4x
","((1 + 2x) + 3) = 4x
|4x = ((1 + 2x) + 3)|4x = ((2x + 1) + 3)|4x = (2x + (1 + 3))|2x = ((1 + 3) + 0)|2x = 4|x = 2",13
108,108,138,"(1 + 2x) = (3 + 4x)
","(1 + 2x) = (3 + 4x)
|(2x + 1) = (3 + 4x)|(2x + 1) = (4x + 3)|((2x + 1) - 1) = ((4x + 3) - 1)|2x = ((4x + 3) - 1)|2x = (4x + (3 - 1))|-2x = ((3 - 1) + 0)|-2x = 2|x = (-1)",16
109,109,139,"1x = ((-2) - 3x)
","1x = ((-2) - 3x)
|1x = ((-2) + -3x)|1x = (-3x + (-2))|4x = ((-2) + 0)|4x = (-2)|x = ([-1/2])",8
110,110,140,"(1x + 2) = (3x + 4)
","(1x + 2) = (3x + 4)
|((1x + 2) - 2) = ((3x + 4) - 2)|1x = ((3x + 4) - 2)|1x = (3x + (4 - 2))|-2x = ((4 - 2) + 0)|-2x = 2|x = (-1)",14
111,111,141,"(((-1) - 2x) + 3) = -4x
","(((-1) - 2x) + 3) = -4x
|-4x = (((-1) - 2x) + 3)|-4x = (((-1) + -2x) + 3)|-4x = ((-2x + (-1)) + 3)|-4x = (-2x + ((-1) + 3))|-2x = (((-1) + 3) + 0)|-2x = 2|x = (-1)",14
112,112,142,"((-1x + 2) - 3x) = (((-4) + 5x) - 6x)
","((-1x + 2) - 3x) = (((-4) + 5x) - 6x)
|((-1x + 2) - 3x) = ((5x + (-4)) - 6x)|((-1x + 2) + -3x) = ((5x + (-4)) - 6x)|(-3x + (-1x + 2)) = ((5x + (-4)) - 6x)|((-3x + -1x) + 2) = ((5x + (-4)) - 6x)|((5x + (-4)) - 6x) = ((-3x + -1x) + 2)|((5x + (-4)) + -6x) = ((-3x + -1x) + 2)|(5x + ((-4) + -6x)) = ((-3x + -1x) + 2)|(5x + (-6x + (-4))) = ((-3x + -1x) + 2)|((5x + (-6x + (-4))) - (-4)) = (((-3x + -1x) + 2) - (-4))|(5x + ((-6x + (-4)) - (-4))) = (((-3x + -1x) + 2) - (-4))|(5x + -6x) = (((-3x + -1x) + 2) - (-4))|((5 + (-6)) * x) = (((-3x + -1x) + 2) - (-4))|-1x = (((-3x + -1x) + 2) - (-4))|-1x = (((((-3) + (-1)) * x) + 2) - (-4))|-1x = ((-4x + 2) - (-4))|-1x = (-4x + (2 - (-4)))|3x = ((2 - (-4)) + 0)|3x = 6|x = 2",36
113,113,143,"(1x + 2) = ((-3) + -4x)
","(1x + 2) = ((-3) + -4x)
|(1x + 2) = (-4x + (-3))|((1x + 2) - 2) = ((-4x + (-3)) - 2)|1x = ((-4x + (-3)) - 2)|1x = (-4x + ((-3) - 2))|5x = (((-3) - 2) + 0)|5x = (-5)|x = (-1)",15
114,114,144,"((-1) + 2x) = ((-3) + -4x)
","((-1) + 2x) = ((-3) + -4x)
|(2x + (-1)) = ((-3) + -4x)|((2x + (-1)) - (-1)) = (((-3) + -4x) - (-1))|2x = (((-3) + -4x) - (-1))|2x = ((-4x + (-3)) - (-1))|2x = (-4x + ((-3) - (-1)))|6x = (((-3) - (-1)) + 0)|6x = (-2)|x = ([-1/3])",17
115,115,147,"((-1) - 2x) = -3x
","((-1) - 2x) = -3x
|-3x = ((-1) - 2x)|-3x = ((-1) + -2x)|-3x = (-2x + (-1))|-1x = ((-1) + 0)|-1x = (-1)|x = 1",9
116,116,148,"(1x + 2) = (-3x + 4)
","(1x + 2) = (-3x + 4)
|((1x + 2) - 2) = ((-3x + 4) - 2)|1x = ((-3x + 4) - 2)|1x = (-3x + (4 - 2))|4x = ((4 - 2) + 0)|4x = 2|x = [1/2]",15
117,117,150,"((1 + 2x) - 3) = 4x
","((1 + 2x) - 3) = 4x
|4x = ((1 + 2x) - 3)|4x = ((2x + 1) - 3)|4x = (2x + (1 - 3))|2x = ((1 - 3) + 0)|2x = (-2)|x = (-1)",13
118,118,151,"((-1) + -2x) = (3x + (-4))
","((-1) + -2x) = (3x + (-4))
|(-2x + (-1)) = (3x + (-4))|((-2x + (-1)) - (-1)) = ((3x + (-4)) - (-1))|-2x = ((3x + (-4)) - (-1))|-2x = (3x + ((-4) - (-1)))|-5x = (((-4) - (-1)) + 0)|-5x = (-3)|x = [3/5]",16
119,119,152,"(((-1) + 2x) + 3x) = ((4 + -5x) + 6x)
","(((-1) + 2x) + 3x) = ((4 + -5x) + 6x)
|(3x + ((-1) + 2x)) = ((4 + -5x) + 6x)|(3x + ((-1) + 2x)) = (6x + (4 + -5x))|(3x + (2x + (-1))) = (6x + (4 + -5x))|((3x + (2x + (-1))) - (-1)) = ((6x + (4 + -5x)) - (-1))|(3x + ((2x + (-1)) - (-1))) = ((6x + (4 + -5x)) - (-1))|(3x + 2x) = ((6x + (4 + -5x)) - (-1))|((3 + 2) * x) = ((6x + (4 + -5x)) - (-1))|5x = ((6x + (4 + -5x)) - (-1))|5x = (6x + ((4 + -5x) - (-1)))|-1x = (((4 + -5x) - (-1)) + 0)|-1x = (((-5x + 4) - (-1)) + 0)|-1x = ((-5x + (4 - (-1))) + 0)|-1x = (-5x + (4 - (-1)))|4x = ((4 - (-1)) + 0)|4x = 5|x = [5/4]",34
120,120,153,"-1x = ((-2) + 3)
","-1x = ((-2) + 3)
|-1x = 1|x = (-1)",4
121,121,155,"(-1) = (-2x + 3)
","(-1) = (-2x + 3)
|(-2x + 3) = (-1)|-2x = (-4)|x = 2",6
122,122,156,"(1 + 2x) = ((-3) + 4x)
","(1 + 2x) = ((-3) + 4x)
|(2x + 1) = ((-3) + 4x)|(2x + 1) = (4x + (-3))|((2x + 1) - 1) = ((4x + (-3)) - 1)|2x = ((4x + (-3)) - 1)|2x = (4x + ((-3) - 1))|-2x = (((-3) - 1) + 0)|-2x = (-4)|x = 2",16
123,123,157,"(1 + 2x) = (3 + -4x)
","(1 + 2x) = (3 + -4x)
|(2x + 1) = (3 + -4x)|(2x + 1) = (-4x + 3)|((2x + 1) - 1) = ((-4x + 3) - 1)|2x = ((-4x + 3) - 1)|2x = (-4x + (3 - 1))|6x = ((3 - 1) + 0)|6x = 2|x = [1/3]",17
124,124,159,"-1x = (2x - 3)
","-1x = (2x - 3)
|-1x = (2x + (-3))|-3x = ((-3) + 0)|-3x = (-3)|x = 1",6
125,125,160,"((1 + -2x) + 3x) = ((-4x + 5) + 6x)
","((1 + -2x) + 3x) = ((-4x + 5) + 6x)
|(3x + (1 + -2x)) = ((-4x + 5) + 6x)|(3x + (-2x + 1)) = ((-4x + 5) + 6x)|(3x + (-2x + 1)) = (6x + (-4x + 5))|(3x + (-2x + 1)) = ((6x + -4x) + 5)|(3x + (-2x + 1)) = (((6 + (-4)) * x) + 5)|((3x + (-2x + 1)) - 1) = ((((6 + (-4)) * x) + 5) - 1)|(3x + ((-2x + 1) - 1)) = ((((6 + (-4)) * x) + 5) - 1)|(3x + -2x) = ((((6 + (-4)) * x) + 5) - 1)|((3 + (-2)) * x) = ((((6 + (-4)) * x) + 5) - 1)|1x = ((((6 + (-4)) * x) + 5) - 1)|1x = ((2x + 5) - 1)|1x = (2x + (5 - 1))|-1x = ((5 - 1) + 0)|-1x = 4|x = (-4)",32
126,126,161,"((-1) + -2x) = (3x + 4)
","((-1) + -2x) = (3x + 4)
|(-2x + (-1)) = (3x + 4)|((-2x + (-1)) - (-1)) = ((3x + 4) - (-1))|-2x = ((3x + 4) - (-1))|-2x = (3x + (4 - (-1)))|-5x = ((4 - (-1)) + 0)|-5x = 5|x = (-1)",15
127,127,162,"(1x + (-2)) = (3x + (-4))
","(1x + (-2)) = (3x + (-4))
|((1x + (-2)) - (-2)) = ((3x + (-4)) - (-2))|1x = ((3x + (-4)) - (-2))|1x = (3x + ((-4) - (-2)))|-2x = (((-4) - (-2)) + 0)|-2x = (-2)|x = 1",14
128,128,165,"(-1x - 2) = (3 - 4x)
","(-1x - 2) = (3 - 4x)
|(-1x - 2) = (3 + -4x)|((-1x - 2) + 2) = ((3 + -4x) + 2)|((-1x + (-2)) + 2) = ((3 + -4x) + 2)|-1x = ((3 + -4x) + 2)|-1x = ((-4x + 3) + 2)|-1x = (-4x + (3 + 2))|3x = ((3 + 2) + 0)|3x = 5|x = [5/3]",18
129,129,166,"-1x = ((2 + -3x) - 4)
","-1x = ((2 + -3x) - 4)
|-1x = ((-3x + 2) - 4)|-1x = (-3x + (2 - 4))|2x = ((2 - 4) + 0)|2x = (-2)|x = (-1)",9
130,130,167,"1 = (-2x + (-3))
","1 = (-2x + (-3))
|(-2x + (-3)) = 1|-2x = 4|x = (-2)",6
131,131,168,"(1 - 2) = (-3x - 4x)
","(1 - 2) = (-3x - 4x)
|(1 - 2) = (((-3) - 4) * x)|(((-3) - 4) * x) = (1 - 2)|-7x = (1 - 2)|-7x = (-1)|x = [1/7]",13
132,132,169,"((-1) - 2) = -3x
","((-1) - 2) = -3x
|-3x = ((-1) - 2)|-3x = (-3)|x = 1",6
133,133,170,"1 = (-2x + 3)
","1 = (-2x + 3)
|(-2x + 3) = 1|-2x = (-2)|x = 1",6
134,134,172,"(-1) = (2x + 3)
","(-1) = (2x + 3)
|(2x + 3) = (-1)|2x = (-4)|x = (-2)",6
135,135,173,"1 = 2x
","1 = 2x
|2x = 1|x = [1/2]",4
136,136,174,"(1 - 2) = -3x
","(1 - 2) = -3x
|-3x = (1 - 2)|-3x = (-1)|x = [1/3]",7
137,137,175,"(1 + 2x) = -3x
","(1 + 2x) = -3x
|-3x = (1 + 2x)|-3x = (2x + 1)|-5x = (1 + 0)|-5x = 1|x = ([-1/5])",9
138,138,176,"(1x - 2) = 3x
","(1x - 2) = 3x
|3x = (1x - 2)|3x = (1x + (-2))|2x = ((-2) + 0)|2x = (-2)|x = (-1)",8
139,139,177,"(1x / x) = 2x
","(1x / x) = 2x
|((1x / x) * 1) = (2x * 1)|((1x / x) * 1) = (1 * 2x)|(1x / x) = (1 * 2x)|(x / x) = (1 * 2x)|1 = (1 * 2x)|(1 * 2x) = 1|2x = 1|x = [1/2]",15
140,140,178,"(-1x + (-2)) = (3x + 4)
","(-1x + (-2)) = (3x + 4)
|((-1x + (-2)) - (-2)) = ((3x + 4) - (-2))|-1x = ((3x + 4) - (-2))|-1x = (3x + (4 - (-2)))|-4x = ((4 - (-2)) + 0)|-4x = 6|x = ([-3/2])",15
141,141,179,"((1x - 2) + 3) = 4x
","((1x - 2) + 3) = 4x
|4x = ((1x - 2) + 3)|4x = ((1x + (-2)) + 3)|4x = (1x + ((-2) + 3))|3x = (((-2) + 3) + 0)|3x = 1|x = [1/3]",14
142,142,180,"(-1) = ((2x + 3) + 4x)
","(-1) = ((2x + 3) + 4x)
|(-1) = (2x + (3 + 4x))|(-1) = (2x + (4x + 3))|(-1) = ((2x + 4x) + 3)|(-1) = (((2 + 4) * x) + 3)|(-1) = (6x + 3)|(6x + 3) = (-1)|6x = (-4)|x = ([-2/3])",18
143,143,181,"(1x + 2) = (3x + (-4))
","(1x + 2) = (3x + (-4))
|((1x + 2) - 2) = ((3x + (-4)) - 2)|1x = ((3x + (-4)) - 2)|1x = (3x + ((-4) - 2))|-2x = (((-4) - 2) + 0)|-2x = (-6)|x = 3",14
144,144,182,"(1 + -2x) = (3x + 4)
","(1 + -2x) = (3x + 4)
|(-2x + 1) = (3x + 4)|((-2x + 1) - 1) = ((3x + 4) - 1)|-2x = ((3x + 4) - 1)|-2x = (3x + (4 - 1))|-5x = ((4 - 1) + 0)|-5x = 3|x = ([-3/5])",16
145,145,183,"(((-1) + 2x) + 3) = ((4 + 5x) + 6)
","(((-1) + 2x) + 3) = ((4 + 5x) + 6)
|((2x + (-1)) + 3) = ((4 + 5x) + 6)|(2x + ((-1) + 3)) = ((4 + 5x) + 6)|(2x + 2) = ((4 + 5x) + 6)|(2x + 2) = ((5x + 4) + 6)|((2x + 2) - 2) = (((5x + 4) + 6) - 2)|2x = (((5x + 4) + 6) - 2)|2x = ((5x + (4 + 6)) - 2)|2x = (5x + ((4 + 6) - 2))|2x = (5x + 8)|-3x = (8 + 0)|-3x = 8|x = ([-8/3])",23
146,146,185,"1x = (-2)
","1x = (-2)
|x = (-2)",2
147,147,186,"((-1x + (-2)) - 3) = 4x
","((-1x + (-2)) - 3) = 4x
|4x = ((-1x + (-2)) - 3)|4x = (-1x + ((-2) - 3))|5x = (((-2) - 3) + 0)|5x = (-5)|x = (-1)",12
148,148,187,"1x = (2 - 3)
","1x = (2 - 3)
|1x = (-1)|x = (-1)",4
149,149,188,"((-1) + -2x) = ((-3) + 4x)
","((-1) + -2x) = ((-3) + 4x)
|(-2x + (-1)) = ((-3) + 4x)|((-2x + (-1)) - (-1)) = (((-3) + 4x) - (-1))|((-2x + (-1)) - (-1)) = ((4x + (-3)) - (-1))|-2x = ((4x + (-3)) - (-1))|-2x = (4x + ((-3) - (-1)))|-6x = (((-3) - (-1)) + 0)|-6x = (-2)|x = [1/3]",17
150,150,189,"(-1) = (-2x + (-3))
","(-1) = (-2x + (-3))
|(-2x + (-3)) = (-1)|-2x = 2|x = (-1)",6
151,151,190,"(-1x + (-2)) = 3
","(-1x + (-2)) = 3
|-1x = 5|x = (-5)",4
152,152,191,"(1x + 2) = (3 + 4x)
","(1x + 2) = (3 + 4x)
|(1x + 2) = (4x + 3)|((1x + 2) - 2) = ((4x + 3) - 2)|1x = ((4x + 3) - 2)|1x = (4x + (3 - 2))|-3x = ((3 - 2) + 0)|-3x = 1|x = ([-1/3])",16
153,153,192,"((1x + 2) + 3x) = 4
","((1x + 2) + 3x) = 4
|((3x + (1x + 2)) - 2) = 2|(((3x + 1x) + 2) - 2) = 2|(3x + 1x) = 2|((3 + 1) * x) = 2|4x = 2|x = [1/2]",16
154,154,193,"(-1x + 2) = (-3x - 4)
","(-1x + 2) = (-3x - 4)
|((-1x + 2) - 2) = ((-3x - 4) - 2)|((-1x + 2) - 2) = ((-3x + (-4)) - 2)|-1x = ((-3x + (-4)) - 2)|-1x = (-3x + ((-4) - 2))|2x = (((-4) - 2) + 0)|2x = (-6)|x = (-3)",15
155,155,194,"1 = ((-2x + 3) + 4x)
","1 = ((-2x + 3) + 4x)
|1 = (4x + (-2x + 3))|1 = ((4x + -2x) + 3)|1 = (((4 + (-2)) * x) + 3)|1 = (2x + 3)|(2x + 3) = 1|2x = (-2)|x = (-1)",16
156,156,195,"(1 + -2x) = (-3x + 4)
","(1 + -2x) = (-3x + 4)
|(-2x + 1) = (-3x + 4)|((-2x + 1) - 1) = ((-3x + 4) - 1)|-2x = ((-3x + 4) - 1)|-2x = (-3x + (4 - 1))|1x = ((4 - 1) + 0)|1x = 3|x = 3",15
157,157,196,"-1x = (2 - 3)
","-1x = (2 - 3)
|-1x = (-1)|x = 1",4
158,158,200,"(1 + 2x) = (-3x + (-4))
","(1 + 2x) = (-3x + (-4))
|(2x + 1) = (-3x + (-4))|((2x + 1) - 1) = ((-3x + (-4)) - 1)|2x = ((-3x + (-4)) - 1)|2x = (-3x + ((-4) - 1))|5x = (((-4) - 1) + 0)|5x = (-5)|x = (-1)",15
159,159,201,"(-1) = (2x - 3)
","(-1) = (2x - 3)
|(-1) = (2x + (-3))|(2x + (-3)) = (-1)|2x = 2|x = 1",7
160,160,202,"-1x = ((-2x + 3) + 4)
","-1x = ((-2x + 3) + 4)
|-1x = (-2x + (3 + 4))|1x = ((3 + 4) + 0)|1x = 7|x = 7",8
161,161,203,"((1 - 2x) - 3) = ((4 + 5x) - 6)
","((1 - 2x) - 3) = ((4 + 5x) - 6)
|((1 + -2x) - 3) = ((4 + 5x) - 6)|((-2x + 1) - 3) = ((4 + 5x) - 6)|((-2x + 1) - 3) = ((5x + 4) - 6)|(((-2x + 1) - 3) - 4) = (((5x + 4) - 6) - 4)|(((-2x + 1) - 3) - 4) = (((5x + 4) - 4) - 6)|(((-2x + 1) - 3) - 4) = ((5x + (4 - 4)) - 6)|(((-2x + 1) - 3) - 4) = ((5x + 0) - 6)|(((-2x + 1) - 3) - 4) = (5x + (0 - 6))|(5x + (0 - 6)) = (((-2x + 1) - 3) - 4)|(5x + (-6)) = (((-2x + 1) - 3) - 4)|((5x + (-6)) - (-6)) = ((((-2x + 1) - 3) - 4) - (-6))|5x = ((((-2x + 1) - 3) - 4) - (-6))|5x = (((-2x + (1 - 3)) - 4) - (-6))|5x = ((-2x + ((1 - 3) - 4)) - (-6))|5x = (-2x + (((1 - 3) - 4) - (-6)))|5x = (-2x + ((-6) - (-6)))|7x = (((-6) - (-6)) + 0)|7x = 0|x = 0",36
162,162,204,"(1x + (-2)) = (3 + 4x)
","(1x + (-2)) = (3 + 4x)
|(1x + (-2)) = (4x + 3)|((1x + (-2)) - (-2)) = ((4x + 3) - (-2))|1x = ((4x + 3) - (-2))|1x = (4x + (3 - (-2)))|-3x = ((3 - (-2)) + 0)|-3x = 5|x = ([-5/3])",16
163,163,205,"(((-1) + 2x) + 3) = (4 + 5)
","(((-1) + 2x) + 3) = (4 + 5)
|((2x + (-1)) + 3) = (4 + 5)|(2x + ((-1) + 3)) = (4 + 5)|(2x + ((-1) + 3)) = 9|(2x + 2) = 9|2x = 7|x = [7/2]",11
164,164,206,"((-1x + 2) + 3x) = (((-4) - 5x) + 6x)
","((-1x + 2) + 3x) = (((-4) - 5x) + 6x)
|((-1x + 2) + 3x) = (((-4) + -5x) + 6x)|((-1x + 2) + 3x) = (6x + ((-4) + -5x))|(3x + (-1x + 2)) = (6x + ((-4) + -5x))|(3x + (2 + -1x)) = (6x + ((-4) + -5x))|(3x + (2 + -1x)) = (6x + (-5x + (-4)))|(3x + (2 + -1x)) = ((6x + -5x) + (-4))|(3x + (2 + -1x)) = (((6 + (-5)) * x) + (-4))|(3x + (2 + -1x)) = ((((-5) + 6) * x) + (-4))|(3x + (-1x + 2)) = ((((-5) + 6) * x) + (-4))|((3x + (-1x + 2)) - 2) = (((((-5) + 6) * x) + (-4)) - 2)|(3x + ((-1x + 2) - 2)) = (((((-5) + 6) * x) + (-4)) - 2)|(3x + -1x) = (((((-5) + 6) * x) + (-4)) - 2)|((3 + (-1)) * x) = (((((-5) + 6) * x) + (-4)) - 2)|2x = (((((-5) + 6) * x) + (-4)) - 2)|2x = ((1x + (-4)) - 2)|2x = (1x + ((-4) - 2))|1x = (((-4) - 2) + 0)|1x = (-6)|x = (-6)",36
165,165,207,"(-1) = (-2x - 3)
","(-1) = (-2x - 3)
|(-1) = (-2x + (-3))|(-2x + (-3)) = (-1)|-2x = 2|x = (-1)",7
166,166,208,"((1x + 2) - 3x) = (4x - 5x)
","((1x + 2) - 3x) = (4x - 5x)
|(4x - 5x) = ((1x + 2) - 3x)|((4 - 5) * x) = ((1x + 2) - 3x)|-1x = ((1x + 2) - 3x)|-1x = ((1x + 2) + -3x)|-1x = (-3x + (1x + 2))|2x = ((1x + 2) + 0)|2x = (1x + 2)|1x = (2 + 0)|1x = 2|x = 2",20
167,167,209,"(-1) = (2 + -3x)
","(-1) = (2 + -3x)
|(-1) = (-3x + 2)|(-3x + 2) = (-1)|-3x = (-3)|x = 1",7
168,168,210,"1x = (2 + 3x)
","1x = (2 + 3x)
|1x = (3x + 2)|-2x = (2 + 0)|-2x = 2|x = (-1)",6
169,169,211,"((-1) + 2x) = (3x + 4)
","((-1) + 2x) = (3x + 4)
|(2x + (-1)) = (3x + 4)|((2x + (-1)) - (-1)) = ((3x + 4) - (-1))|2x = ((3x + 4) - (-1))|2x = (3x + (4 - (-1)))|-1x = ((4 - (-1)) + 0)|-1x = 5|x = (-5)",15
170,170,212,"(-1x + (-2)) = (3 + 4x)
","(-1x + (-2)) = (3 + 4x)
|(-1x + (-2)) = (4x + 3)|(4x + 3) = (-1x + (-2))|((4x + 3) - 3) = ((-1x + (-2)) - 3)|4x = ((-1x + (-2)) - 3)|4x = (-1x + ((-2) - 3))|5x = (((-2) - 3) + 0)|5x = (-5)|x = (-1)",16
171,171,213,"(-1) = ((2x - 3) + 4x)
","(-1) = ((2x - 3) + 4x)
|((-1) + 3) = (((2x - 3) + 4x) + 3)|(((-1) + 3) - 3) = ((((2x - 3) + 4x) + 3) - 3)|(((-1) + 3) - 3) = ((((2x + (-3)) + 4x) + 3) - 3)|(((-1) + 3) - 3) = (((4x + (2x + (-3))) + 3) - 3)|(((-1) + 3) - 3) = ((((4x + 2x) + (-3)) + 3) - 3)|(((-1) + 3) - 3) = (((((4 + 2) * x) + (-3)) + 3) - 3)|(((-1) + 3) - 3) = (((6x + (-3)) + 3) - 3)|(((-1) + 3) - 3) = ((6x + ((-3) + 3)) - 3)|(((-1) + 3) - 3) = ((6x + 0) - 3)|((6x + 0) - 3) = (((-1) + 3) - 3)|((6x + 0) - 3) = (-1)|(6x + 0) = 2|6x = 2|x = [1/3]",30
172,172,215,"(1 + 2x) = (3x + (-4))
","(1 + 2x) = (3x + (-4))
|(2x + 1) = (3x + (-4))|((2x + 1) - 1) = ((3x + (-4)) - 1)|2x = ((3x + (-4)) - 1)|2x = (3x + ((-4) - 1))|-1x = (((-4) - 1) + 0)|-1x = (-5)|x = 5",15
173,173,216,"((-1x - 2) + 3x) = 4
","((-1x - 2) + 3x) = 4
|((3x + (-1x - 2)) - 2) = 2|((3x + (-1x + (-2))) - 2) = 2|(3x + ((-1x + (-2)) - 2)) = 2|(3x + (-1x + ((-2) - 2))) = 2|((3x + -1x) + ((-2) - 2)) = 2|(((3 + (-1)) * x) + ((-2) - 2)) = 2|(2x + ((-2) - 2)) = 2|(2x + (-4)) = 2|2x = 6|x = 3",20
174,174,217,"(1 + -2x) = (3x + (-4))
","(1 + -2x) = (3x + (-4))
|(-2x + 1) = (3x + (-4))|((-2x + 1) - 1) = ((3x + (-4)) - 1)|-2x = ((3x + (-4)) - 1)|-2x = (3x + ((-4) - 1))|-5x = (((-4) - 1) + 0)|-5x = (-5)|x = 1",15
175,175,218,"1 = ((-2) + 3x)
","1 = ((-2) + 3x)
|1 = (3x + (-2))|(3x + (-2)) = 1|3x = 3|x = 1",7
176,176,219,"(1 + 2x) = (-3)
","(1 + 2x) = (-3)
|2x = (-4)|x = (-2)",4
177,177,222,"((-1) - 2x) = (-3x - 4)
","((-1) - 2x) = (-3x - 4)
|((-1) + -2x) = (-3x - 4)|(-2x + (-1)) = (-3x - 4)|((-2x + (-1)) - (-1)) = ((-3x - 4) - (-1))|-2x = ((-3x - 4) - (-1))|-2x = ((-3x + (-4)) - (-1))|-2x = (-3x + ((-4) - (-1)))|1x = (((-4) - (-1)) + 0)|1x = (-3)|x = (-3)",17
178,178,224,"(1x + 2) = 3
","(1x + 2) = 3
|x = 1",3
179,179,226,"1 = (2 + -3x)
","1 = (2 + -3x)
|1 = (-3x + 2)|(-3x + 2) = 1|-3x = (-1)|x = [1/3]",8
180,180,227,"((-1) - 2x) = ((-3) - 4x)
","((-1) - 2x) = ((-3) - 4x)
|((-1) - 2x) = ((-3) + -4x)|((-1) + -2x) = ((-3) + -4x)|(-2x + (-1)) = ((-3) + -4x)|((-2x + (-1)) - (-1)) = (((-3) + -4x) - (-1))|-2x = (((-3) + -4x) - (-1))|-2x = ((-4x + (-3)) - (-1))|-2x = (-4x + ((-3) - (-1)))|2x = (((-3) - (-1)) + 0)|2x = (-2)|x = (-1)",18
181,181,228,"(-1x + (-2)) = (3x + (-4))
","(-1x + (-2)) = (3x + (-4))
|((-1x + (-2)) - (-2)) = ((3x + (-4)) - (-2))|-1x = ((3x + (-4)) - (-2))|-1x = (3x + ((-4) - (-2)))|-4x = (((-4) - (-2)) + 0)|-4x = (-2)|x = [1/2]",15
182,182,229,"(-1) = (-2x + 3x)
","(-1) = (-2x + 3x)
|(-1) = (((-2) + 3) * x)|(((-2) + 3) * x) = (-1)|1x = (-1)|x = (-1)",12
183,183,230,"(1 + ((-2) / x)) = 3
","(1 + ((-2) / x)) = 3
|((-2) / x) = 2|(((-2) / x) * (-2)) = (2 * (-2))|((-2) * ((-2) / x)) = (2 * (-2))|(((-2) * ((-2) / x)) * (-2)) = ((2 * (-2)) * (-2))|((-2) * ((-2) * ((-2) / x))) = ((2 * (-2)) * (-2))|(((-2) * (-2)) * ((-2) / x)) = ((2 * (-2)) * (-2))|((((-2) * (-2)) * (-2)) / x) = ((2 * (-2)) * (-2))|((((-2) * (-2)) * (-2)) / x) = (((-2) * 2) * (-2))|(((-2) * ((-2) * (-2))) / x) = (((-2) * 2) * (-2))|(((-2) * 2) * (-2)) = (((-2) * ((-2) * (-2))) / x)|((-2) * ((-2) * 2)) = (((-2) * ((-2) * (-2))) / x)|((-2) * ((-2) * 2)) = ((((-2) * (-2)) * (-2)) / x)|((-2) * (-4)) = ((((-2) * (-2)) * (-2)) / x)|((-2) * (-4)) = (((-2) * (-2)) * ((-2) / x))|(((-2) * (-4)) * x) = ((((-2) * (-2)) * ((-2) / x)) * x)|(((-2) * (-4)) * x) = (x * (((-2) * (-2)) * ((-2) / x)))|(((-2) * (-4)) * x) = (x * ((((-2) * (-2)) * (-2)) / x))|(((-2) * (-4)) * x) = ((x * (((-2) * (-2)) * (-2))) / x)|(((-2) * (-4)) * x) = (((((-2) * (-2)) * (-2)) * x) / x)|(((-2) * (-4)) * x) = ((((-2) * (-2)) * (-2)) * (x / x))|(((-2) * (-4)) * x) = ((((-2) * (-2)) * (-2)) * 1)|8x = ((((-2) * (-2)) * (-2)) * 1)|8x = ((-8) * 1)|8x = (-8)|x = (-1)",50
184,184,231,"-1x = ((2x - 3) - 4)
","-1x = ((2x - 3) - 4)
|-1x = ((2x + (-3)) - 4)|-1x = (2x + ((-3) - 4))|-3x = (((-3) - 4) + 0)|-3x = (-7)|x = [7/3]",10
185,185,232,"((-1) + 2x) = (-3x - 4)
","((-1) + 2x) = (-3x - 4)
|(2x + (-1)) = (-3x - 4)|((2x + (-1)) - (-1)) = ((-3x - 4) - (-1))|((2x + (-1)) - (-1)) = ((-3x + (-4)) - (-1))|2x = ((-3x + (-4)) - (-1))|2x = (-3x + ((-4) - (-1)))|5x = (((-4) - (-1)) + 0)|5x = (-3)|x = ([-3/5])",17
186,186,233,"(-1x + (-2)) = (3 + -4x)
","(-1x + (-2)) = (3 + -4x)
|(-1x + (-2)) = (-4x + 3)|((-1x + (-2)) - (-2)) = ((-4x + 3) - (-2))|-1x = ((-4x + 3) - (-2))|-1x = (-4x + (3 - (-2)))|3x = ((3 - (-2)) + 0)|3x = 5|x = [5/3]",16
187,187,234,"(-1) = (((-2) - 3x) + 4x)
","(-1) = (((-2) - 3x) + 4x)
|((-1) - (-2)) = ((((-2) - 3x) + 4x) - (-2))|((-1) - (-2)) = ((((-2) + -3x) + 4x) - (-2))|1 = ((((-2) + -3x) + 4x) - (-2))|1 = ((4x + ((-2) + -3x)) - (-2))|1 = ((4x + (-3x + (-2))) - (-2))|1 = (((4x + -3x) + (-2)) - (-2))|1 = (4x + -3x)|1 = ((4 + (-3)) * x)|((4 + (-3)) * x) = 1|1x = 1|x = 1",26
188,188,235,"(-1) = 2x
","(-1) = 2x
|2x = (-1)|x = ([-1/2])",4
189,189,236,"(-1) = -2x
","(-1) = -2x
|-2x = (-1)|x = [1/2]",4
190,190,237,"-1x = (((-2) + -3x) - 4)
","-1x = (((-2) + -3x) - 4)
|-1x = ((-3x + (-2)) - 4)|-1x = (-3x + ((-2) - 4))|2x = (((-2) - 4) + 0)|2x = (-6)|x = (-3)",9
191,191,240,"((1 + 2x) + 3x) = 4
","((1 + 2x) + 3x) = 4
|(3x + (1 + 2x)) = 4|(3x + (2x + 1)) = 4|4 = (3x + (2x + 1))|4 = ((3x + 2x) + 1)|4 = (((3 + 2) * x) + 1)|4 = (5x + 1)|(5x + 1) = 4|5x = 3|x = [3/5]",20
192,192,241,"(1 + 2x) = ((-3) + -4x)
","(1 + 2x) = ((-3) + -4x)
|(2x + 1) = ((-3) + -4x)|((2x + 1) - 1) = (((-3) + -4x) - 1)|((2x + 1) - 1) = ((-4x + (-3)) - 1)|2x = ((-4x + (-3)) - 1)|2x = (-4x + ((-3) - 1))|6x = (((-3) - 1) + 0)|6x = (-4)|x = ([-2/3])",17
193,193,242,"1x = (-2x + 3)
","1x = (-2x + 3)
|3x = (3 + 0)|3x = 3|x = 1",5
194,194,243,"(1x + 2) = (3 + -4x)
","(1x + 2) = (3 + -4x)
|(1x + 2) = (-4x + 3)|((1x + 2) - 2) = ((-4x + 3) - 2)|1x = ((-4x + 3) - 2)|1x = (-4x + (3 - 2))|5x = ((3 - 2) + 0)|5x = 1|x = [1/5]",16
195,195,244,"(1 / (-2)) = x
","(1 / (-2)) = x
|x = (1 / (-2))|x = ([-1/2])",4
196,196,245,"(-1x + 2) = (-3x + (-4))
","(-1x + 2) = (-3x + (-4))
|((-1x + 2) - 2) = ((-3x + (-4)) - 2)|-1x = ((-3x + (-4)) - 2)|-1x = (-3x + ((-4) - 2))|2x = (((-4) - 2) + 0)|2x = (-6)|x = (-3)",14
197,197,247,"(-1x - 2x) = ((-3) + 4)
","(-1x - 2x) = ((-3) + 4)
|(((-1) - 2) * x) = ((-3) + 4)|-3x = ((-3) + 4)|-3x = 1|x = ([-1/3])",11
198,198,248,"((-1x + 2) + 3) = -4x
","((-1x + 2) + 3) = -4x
|-4x = ((-1x + 2) + 3)|-4x = (-1x + (2 + 3))|-3x = ((2 + 3) + 0)|-3x = 5|x = ([-5/3])",13
199,199,249,"(1 + -2x) = (3 + -4x)
","(1 + -2x) = (3 + -4x)
|(1 + -2x) = (-4x + 3)|(-2x + 1) = (-4x + 3)|((-2x + 1) - 1) = ((-4x + 3) - 1)|-2x = ((-4x + 3) - 1)|-2x = (-4x + (3 - 1))|2x = ((3 - 1) + 0)|2x = 2|x = 1",16
200,200,250,"-1x = ((-2) + 3x)
","-1x = ((-2) + 3x)
|-1x = (3x + (-2))|-4x = ((-2) + 0)|-4x = (-2)|x = [1/2]",7
201,201,251,"((-1) + 2x) = (3 + -4x)
","((-1) + 2x) = (3 + -4x)
|(2x + (-1)) = (3 + -4x)|(2x + (-1)) = (-4x + 3)|((2x + (-1)) - (-1)) = ((-4x + 3) - (-1))|2x = ((-4x + 3) - (-1))|2x = (-4x + (3 - (-1)))|6x = ((3 - (-1)) + 0)|6x = 4|x = [2/3]",17
202,202,252,"(1x + (-2)) = (3x + 4)
","(1x + (-2)) = (3x + 4)
|((1x + (-2)) - (-2)) = ((3x + 4) - (-2))|1x = ((3x + 4) - (-2))|1x = (3x + (4 - (-2)))|-2x = ((4 - (-2)) + 0)|-2x = 6|x = (-3)",14
203,203,253,"-1x = 2
","-1x = 2
|x = (-2)",2
204,204,254,"(-1x + (-2)) = (-3x + 4)
","(-1x + (-2)) = (-3x + 4)
|((-1x + (-2)) - (-2)) = ((-3x + 4) - (-2))|-1x = ((-3x + 4) - (-2))|-1x = (-3x + (4 - (-2)))|2x = ((4 - (-2)) + 0)|2x = 6|x = 3",14
205,205,255,"((-1) / (-2)) = x
","((-1) / (-2)) = x
|x = ((-1) / (-2))|x = [1/2]",4
206,206,257,"((-1) + -2x) = 3
","((-1) + -2x) = 3
|-2x = 4|x = (-2)",4
207,207,258,"((-1) - 2) = ((-3x + 4) - 5)
","((-1) - 2) = ((-3x + 4) - 5)
|((-3x + 4) - 5) = ((-1) - 2)|((-3x + 4) - 5) = (-3)|(-3x + 4) = 2|-3x = (-2)|x = [2/3]",11
208,208,259,"(-1x - 2) = 3x
","(-1x - 2) = 3x
|3x = (-1x - 2)|3x = (-1x + (-2))|4x = ((-2) + 0)|4x = (-2)|x = ([-1/2])",9
209,209,261,"1x = ((-2) - 3)
","1x = ((-2) - 3)
|1x = (-5)|x = (-5)",4
210,210,262,"(1x - 2) = (3x - 4)
","(1x - 2) = (3x - 4)
|(1x + (-2)) = (3x - 4)|((1x + (-2)) - (-2)) = ((3x - 4) - (-2))|1x = ((3x - 4) - (-2))|1x = ((3x + (-4)) - (-2))|1x = (3x + ((-4) - (-2)))|-2x = (((-4) - (-2)) + 0)|-2x = (-2)|x = 1",16
211,211,263,"(-1x + 2x) = ((-3) - 4)
","(-1x + 2x) = ((-3) - 4)
|(((-1) + 2) * x) = ((-3) - 4)|1x = ((-3) - 4)|1x = (-7)|x = (-7)",10
212,212,264,"(-1) = (2x + (-3))
","(-1) = (2x + (-3))
|(2x + (-3)) = (-1)|2x = 2|x = 1",6
213,213,265,"(1x - 2) = (-3)
","(1x - 2) = (-3)
|1x = (-1)|x = (-1)",4
214,214,266,"(1x + (-2)) = 3
","(1x + (-2)) = 3
|x = 5",3
215,215,267,"(((-1) - 2x) - 3) = 4x
","(((-1) - 2x) - 3) = 4x
|4x = (((-1) - 2x) - 3)|4x = (((-1) + -2x) - 3)|4x = ((-2x + (-1)) - 3)|4x = (-2x + ((-1) - 3))|6x = (((-1) - 3) + 0)|6x = (-4)|x = ([-2/3])",15
216,216,268,"(((1 / x) * x) + 2x) = 3x
","(((1 / x) * x) + 2x) = 3x
|3x = (((1 / x) * x) + 2x)|3x = (((1 / x) + 2) * x)|3x = (x * ((1 / x) + 2))|(3x + 1) = ((x * ((1 / x) + 2)) + 1)|((3x + 1) - 1) = (((x * ((1 / x) + 2)) + 1) - 1)|3x = (((x * ((1 / x) + 2)) + 1) - 1)|(3x * 1) = ((((x * ((1 / x) + 2)) + 1) - 1) * 1)|3x = ((((x * ((1 / x) + 2)) + 1) - 1) * 1)|3x = (1 * (((x * ((1 / x) + 2)) + 1) - 1))|(x * 3) = (1 * (((x * ((1 / x) + 2)) + 1) - 1))|(x * 3) = (1 * (((((1 / x) + 2) * x) + 1) - 1))|(x * 3) = ((((((1 / x) + 2) * x) + 1) - 1) * 1)|(x * 3) = ((((1 / x) + 2) * x) * 1)|3x = ((((1 / x) + 2) * x) * 1)|3x = (1 * (((1 / x) + 2) * x))|3x = (1 * ((2 + (1 / x)) * x))|3x = (1 * (2x + ((1 / x) * x)))|3x = (1 * (2x + (x * (1 / x))))|3x = (1 * (2x + ((x * 1) / x)))|3x = (1 * (2x + (1x / x)))|3x = (1 * (2x + (1 * (x / x))))|3x = (1 * (2x + (1 * 1)))|3x = (2x + (1 * 1))|1x = ((1 * 1) + 0)|1x = 1|x = 1",72
217,217,269,"(((-1) - 2x) + 3x) = 4
","(((-1) - 2x) + 3x) = 4
|(3x + ((-1) - 2x)) = 4|(3x + ((-1) + -2x)) = 4|(3x + (-2x + (-1))) = 4|((3x + -2x) + (-1)) = 4|(((3 + (-2)) * x) + (-1)) = 4|(1x + (-1)) = 4|x = 5",15
218,218,270,"(-1x + 2) = ((-3) - 4x)
","(-1x + 2) = ((-3) - 4x)
|((-1x + 2) - 2) = (((-3) - 4x) - 2)|-1x = (((-3) - 4x) - 2)|-1x = (((-3) + -4x) - 2)|-1x = ((-4x + (-3)) - 2)|-1x = (-4x + ((-3) - 2))|3x = (((-3) - 2) + 0)|3x = (-5)|x = ([-5/3])",17
219,219,271,"x = ((-1) / (-2))
","x = ((-1) / (-2))
|x = [1/2]",2
220,220,272,"(1x + (-2)) = (-3)
","(1x + (-2)) = (-3)
|x = (-1)",3
221,221,273,"x = ((-1) / 2)
","x = ((-1) / 2)
|x = ([-1/2])",2
222,222,275,"((-1x - 2) - 3x) = 4
","((-1x - 2) - 3x) = 4
|((-1x - 3x) - 2) = 4|(-1x - 3x) = 6|(((-1) - 3) * x) = 6|-4x = 6|x = ([-3/2])",12
223,223,276,"1x = (2x - 3)
","1x = (2x - 3)
|1x = (2x + (-3))|-1x = ((-3) + 0)|-1x = (-3)|x = 3",6
224,224,277,"((-1x - 1x) + 2) = (-3)
","((-1x - 1x) + 2) = (-3)
|((((-1) - 1) * x) + 2) = (-3)|(((-1) - 1) * x) = (-5)|-2x = (-5)|x = [5/2]",11
225,225,278,"(1x - -2x) = ((-3x + 4) - -5x)
","(1x - -2x) = ((-3x + 4) - -5x)
|((1 - (-2)) * x) = ((-3x + 4) - -5x)|((1 - (-2)) * x) = ((-3x + 4) + 5x)|3x = ((-3x + 4) + 5x)|3x = (5x + (-3x + 4))|-2x = ((-3x + 4) + 0)|-2x = (-3x + 4)|1x = (4 + 0)|1x = 4|x = 4",18
226,226,279,"1x = ((2x - 3) - 4)
","1x = ((2x - 3) - 4)
|1x = ((2x + (-3)) - 4)|1x = (2x + ((-3) - 4))|-1x = (((-3) - 4) + 0)|-1x = (-7)|x = 7",9
227,227,280,"(1 - 2x) = (3x - 4)
","(1 - 2x) = (3x - 4)
|(1 + -2x) = (3x - 4)|(-2x + 1) = (3x - 4)|((-2x + 1) - 1) = ((3x - 4) - 1)|((-2x + 1) - 1) = ((3x + (-4)) - 1)|-2x = ((3x + (-4)) - 1)|-2x = (3x + ((-4) - 1))|-5x = (((-4) - 1) + 0)|-5x = (-5)|x = 1",17
228,228,281,"-1x = ((2 - 3x) + 4)
","-1x = ((2 - 3x) + 4)
|-1x = ((2 + -3x) + 4)|-1x = ((-3x + 2) + 4)|-1x = (-3x + (2 + 4))|2x = ((2 + 4) + 0)|2x = 6|x = 3",10
229,229,282,"((-1) + 2x) = (-3x + 4)
","((-1) + 2x) = (-3x + 4)
|(2x + (-1)) = (-3x + 4)|((2x + (-1)) - (-1)) = ((-3x + 4) - (-1))|2x = ((-3x + 4) - (-1))|2x = (-3x + (4 - (-1)))|5x = ((4 - (-1)) + 0)|5x = 5|x = 1",15
230,230,283,x = (1 / 2),x = (1 / 2)|x = [1/2],2
